ceremony,year,class,canonicalcategory,category,nomid,film,filmid,name,nominees,nomineeids,winner,detail,yearstart
96,2023,Acting,ACTOR IN A LEADING ROLE,ACTOR IN A LEADING ROLE,an2043506,Maestro,tt5535276,Bradley Cooper,Bradley Cooper,nm0177896,0,Leonard Bernstein,2023
96,2023,Acting,ACTOR IN A LEADING ROLE,ACTOR IN A LEADING ROLE,an2043507,Rustin,tt14160834,Colman Domingo,Colman Domingo,nm0231458,0,Bayard Rustin,2023
96,2023,Acting,ACTOR IN A LEADING ROLE,ACTOR IN A LEADING ROLE,an2043505,The Holdovers,tt14849194,Paul Giamatti,Paul Giamatti,nm0316079,0,Paul Hunham,2023
96,2023,Acting,ACTOR IN A LEADING ROLE,ACTOR IN A LEADING ROLE,an2043504,Oppenheimer,tt15398776,Cillian Murphy,Cillian Murphy,nm0614165,1,J. Robert Oppenheimer,2023
96,2023,Acting,ACTOR IN A LEADING ROLE,ACTOR IN A LEADING ROLE,an2043508,American Fiction,tt23561236,Jeffrey Wright,Jeffrey Wright,nm0942482,0,Thelonious ‘Monk’ Ellison,2023
96,2023,Acting,ACTOR IN A SUPPORTING ROLE,ACTOR IN A SUPPORTING ROLE,an2043534,American Fiction,tt23561236,Sterling K. Brown,Sterling K. Brown,nm1250791,0,Clifford Ellison,2023
96,2023,Acting,ACTOR IN A SUPPORTING ROLE,ACTOR IN A SUPPORTING ROLE,an2043533,Killers of the Flower Moon,tt5537002,Robert De Niro,Robert De Niro,nm0000134,0,William Hale,2023
96,2023,Acting,ACTOR IN A SUPPORTING ROLE,ACTOR IN A SUPPORTING ROLE,an2043531,Oppenheimer,tt15398776,Robert Downey Jr.,Robert Downey Jr.,nm0000375,1,Lewis Strauss,2023
96,2023,Acting,ACTOR IN A SUPPORTING ROLE,ACTOR IN A SUPPORTING ROLE,an2043532,Barbie,tt1517268,Ryan Gosling,Ryan Gosling,nm0331516,0,Ken,2023
96,2023,Acting,ACTOR IN A SUPPORTING ROLE,ACTOR IN A SUPPORTING ROLE,an2043536,Poor Things,tt14230458,Mark Ruffalo,Mark Ruffalo,nm0749263,0,Duncan Wedderburn,2023
96,2023,Acting,ACTRESS IN A LEADING ROLE,ACTRESS IN A LEADING ROLE,an2043498,Nyad,tt5302918,Annette Bening,Annette Bening,nm0000906,0,Diana Nyad,2023
96,2023,Acting,ACTRESS IN A LEADING ROLE,ACTRESS IN A LEADING ROLE,an2043493,Killers of the Flower Moon,tt5537002,Lily Gladstone,Lily Gladstone,nm4291409,0,Mollie Burkhart,2023
96,2023,Acting,ACTRESS IN A LEADING ROLE,ACTRESS IN A LEADING ROLE,an2043497,Anatomy of a Fall,tt17009710,Sandra Hüller,Sandra Hüller,nm1197689,0,Sandra,2023
96,2023,Acting,ACTRESS IN A LEADING ROLE,ACTRESS IN A LEADING ROLE,an2043495,Maestro,tt5535276,Carey Mulligan,Carey Mulligan,nm1659547,0,Felicia Montealegre,2023
96,2023,Acting,ACTRESS IN A LEADING ROLE,ACTRESS IN A LEADING ROLE,an2043494,Poor Things,tt14230458,Emma Stone,Emma Stone,nm1297015,1,Bella Baxter,2023
96,2023,Acting,ACTRESS IN A SUPPORTING ROLE,ACTRESS IN A SUPPORTING ROLE,an2043515,Oppenheimer,tt15398776,Emily Blunt,Emily Blunt,nm1289434,0,Kitty Oppenheimer,2023
96,2023,Acting,ACTRESS IN A SUPPORTING ROLE,ACTRESS IN A SUPPORTING ROLE,an2043514,The Color Purple,tt1200263,Danielle Brooks,Danielle Brooks,nm5335029,0,Sofia,2023
96,2023,Acting,ACTRESS IN A SUPPORTING ROLE,ACTRESS IN A SUPPORTING ROLE,an2043526,Barbie,tt1517268,America Ferrera,America Ferrera,nm1065229,0,Gloria,2023
96,2023,Acting,ACTRESS IN A SUPPORTING ROLE,ACTRESS IN A SUPPORTING ROLE,an2043516,Nyad,tt5302918,Jodie Foster,Jodie Foster,nm0000149,0,Bonnie Stoll,2023
96,2023,Acting,ACTRESS IN A SUPPORTING ROLE,ACTRESS IN A SUPPORTING ROLE,an2043513,The Holdovers,tt14849194,Da'Vine Joy Randolph,Da'Vine Joy Randolph,nm5007768,1,Mary Lamb,2023
96,2023,Title,ANIMATED FEATURE FILM,ANIMATED FEATURE FILM,an2045987,The Boy and the Heron,tt6587046,Hayao Miyazaki and Toshio Suzuki,"Hayao Miyazaki, Toshio Suzuki","nm0594503,nm0840699",1,,2023
96,2023,Title,ANIMATED FEATURE FILM,ANIMATED FEATURE FILM,an2045988,Elemental,tt15789038,Peter Sohn and Denise Ream,"Peter Sohn, Denise Ream","nm0812307,nm0714066",0,,2023
96,2023,Title,ANIMATED FEATURE FILM,ANIMATED FEATURE FILM,an2045990,Nimona,tt19500164,"Nick Bruno, Troy Quane, Karen Ryan and Julie Zackary","Nick Bruno, Troy Quane, Karen Ryan, Julie Zackary","nm2939767,nm0702863,nm2350901,nm1771554",0,,2023
96,2023,Title,ANIMATED FEATURE FILM,ANIMATED FEATURE FILM,an2046066,Robot Dreams,tt13429870,"Pablo Berger, Ibon Cormenzana, Ignasi Estapé and Sandra Tapia Díaz","Pablo Berger, Ibon Cormenzana, Ignasi Estapé, Sandra Tapia Díaz","nm0074311,nm1028742,nm3882588,nm3609890",0,,2023
96,2023,Title,ANIMATED FEATURE FILM,ANIMATED FEATURE FILM,an2045986,Spider-Man: Across the Spider-Verse,tt9362722,"Kemp Powers, Justin K. Thompson, Phil Lord, Christopher Miller and Amy Pascal","Kemp Powers, Justin K. Thompson, Phil Lord, Christopher Miller, Amy Pascal","nm5358492,nm1042511,nm0520488,nm0588087,nm1166871",0,,2023
96,2023,Production,CINEMATOGRAPHY,CINEMATOGRAPHY,an2043582,El Conde,tt21113540,Edward Lachman,Edward Lachman,nm0005767,0,,2023
96,2023,Production,CINEMATOGRAPHY,CINEMATOGRAPHY,an2043579,Killers of the Flower Moon,tt5537002,Rodrigo Prieto,Rodrigo Prieto,nm0006509,0,,2023
96,2023,Production,CINEMATOGRAPHY,CINEMATOGRAPHY,an2043580,Maestro,tt5535276,Matthew Libatique,Matthew Libatique,nm0508732,0,,2023
96,2023,Production,CINEMATOGRAPHY,CINEMATOGRAPHY,an2043578,Oppenheimer,tt15398776,Hoyte van Hoytema,Hoyte van Hoytema,nm0887227,1,,2023
96,2023,Production,CINEMATOGRAPHY,CINEMATOGRAPHY,an2043581,Poor Things,tt14230458,Robbie Ryan,Robbie Ryan,nm0752811,0,,2023
96,2023,Production,COSTUME DESIGN,COSTUME DESIGN,an2043621,Barbie,tt1517268,Jacqueline Durran,Jacqueline Durran,nm0244330,0,,2023
96,2023,Production,COSTUME DESIGN,COSTUME DESIGN,an2043625,Killers of the Flower Moon,tt5537002,Jacqueline West,Jacqueline West,nm0922113,0,,2023
96,2023,Production,COSTUME DESIGN,COSTUME DESIGN,an2043624,Napoleon,tt13287846,Janty Yates and Dave Crossman,"Janty Yates, Dave Crossman","nm0946765,nm0189366",0,,2023
96,2023,Production,COSTUME DESIGN,COSTUME DESIGN,an2043623,Oppenheimer,tt15398776,Ellen Mirojnick,Ellen Mirojnick,nm0592465,0,,2023
96,2023,Production,COSTUME DESIGN,COSTUME DESIGN,an2043622,Poor Things,tt14230458,Holly Waddington,Holly Waddington,nm3052795,1,,2023
96,2023,Directing,DIRECTING,DIRECTING,an2043486,Anatomy of a Fall,tt17009710,Justine Triet,Justine Triet,nm2630323,0,,2023
96,2023,Directing,DIRECTING,DIRECTING,an2043483,Killers of the Flower Moon,tt5537002,Martin Scorsese,Martin Scorsese,nm0000217,0,,2023
96,2023,Directing,DIRECTING,DIRECTING,an2043479,Oppenheimer,tt15398776,Christopher Nolan,Christopher Nolan,nm0634240,1,,2023
96,2023,Directing,DIRECTING,DIRECTING,an2043482,Poor Things,tt14230458,Yorgos Lanthimos,Yorgos Lanthimos,nm0487166,0,,2023
96,2023,Directing,DIRECTING,DIRECTING,an2043484,The Zone of Interest,tt7160372,Jonathan Glazer,Jonathan Glazer,nm0322242,0,,2023
96,2023,Title,DOCUMENTARY (Feature),DOCUMENTARY FEATURE FILM,an2026442,Bobi Wine: The People's President,tt21376900,"Moses Bwayo, Christopher Sharp and John Battsek","Moses Bwayo, Christopher Sharp, John Battsek","nm8400181,nm14109806,nm0061557",0,,2023
96,2023,Title,DOCUMENTARY (Feature),DOCUMENTARY FEATURE FILM,an2026444,The Eternal Memory,tt24082488,Maite Alberdi,Maite Alberdi,nm3073146,0,,2023
96,2023,Title,DOCUMENTARY (Feature),DOCUMENTARY FEATURE FILM,an2026445,Four Daughters,tt27502426,Kaouther Ben Hania and Nadim Cheikhrouha,"Kaouther Ben Hania, Nadim Cheikhrouha","nm4141599,nm2329106",0,,2023
96,2023,Title,DOCUMENTARY (Feature),DOCUMENTARY FEATURE FILM,an2026453,To Kill a Tiger,tt21688772,"Nisha Pahuja, Cornelia Principe and David Oppenheim","Nisha Pahuja, Cornelia Principe, David Oppenheim","nm1263934,nm0697759,nm2361303",0,,2023
96,2023,Title,DOCUMENTARY (Feature),DOCUMENTARY FEATURE FILM,an2026454,20 Days in Mariupol,tt24082438,"Mstyslav Chernov, Michelle Mizner and Raney Aronson-Rath","Mstyslav Chernov, Michelle Mizner, Raney Aronson-Rath","nm13512939,nm2365390,nm1948067",1,,2023
96,2023,Title,DOCUMENTARY (Short Subject),DOCUMENTARY SHORT FILM,an2026484,The ABCs of Book Banning,tt29361805,Sheila Nevins and Trish Adlesic,"Sheila Nevins, Trish Adlesic","nm0627521,nm0012267",0,,2023
96,2023,Title,DOCUMENTARY (Short Subject),DOCUMENTARY SHORT FILM,an2026485,The Barber of Little Rock,tt28627868,John Hoffman and Christine Turner,"John Hoffman, Christine Turner","nm0388968,nm1423114",0,,2023
96,2023,Title,DOCUMENTARY (Short Subject),DOCUMENTARY SHORT FILM,an2026492,Island in Between,tt30523942,S. Leo Chiang and Jean Tsien,"S. Leo Chiang, Jean Tsien","nm0156981,nm0874994",0,,2023
96,2023,Title,DOCUMENTARY (Short Subject),DOCUMENTARY SHORT FILM,an2026493,The Last Repair Shop,tt29118186,Ben Proudfoot and Kris Bowers,"Ben Proudfoot, Kris Bowers","nm3988897,nm3929283",1,,2023
96,2023,Title,DOCUMENTARY (Short Subject),DOCUMENTARY SHORT FILM,an2026495,Nai Nai & Wài Pó,tt26218316,Sean Wang and Sam Davis,"Sean Wang, Sam Davis","nm7648876,nm4085454",0,,2023
96,2023,Production,FILM EDITING,FILM EDITING,an2043597,Anatomy of a Fall,tt17009710,Laurent Sénéchal,Laurent Sénéchal,nm1927930,0,,2023
96,2023,Production,FILM EDITING,FILM EDITING,an2043596,The Holdovers,tt14849194,Kevin Tent,Kevin Tent,nm0855188,0,,2023
96,2023,Production,FILM EDITING,FILM EDITING,an2043599,Killers of the Flower Moon,tt5537002,Thelma Schoonmaker,Thelma Schoonmaker,nm0774817,0,,2023
96,2023,Production,FILM EDITING,FILM EDITING,an2043594,Oppenheimer,tt15398776,Jennifer Lame,Jennifer Lame,nm2352780,1,,2023
96,2023,Production,FILM EDITING,FILM EDITING,an2043598,Poor Things,tt14230458,Yorgos Mavropsaridis,Yorgos Mavropsaridis,nm0561430,0,,2023
96,2023,Title,INTERNATIONAL FEATURE FILM,INTERNATIONAL FEATURE FILM,an2026506,Io Capitano,tt14225838,Italy,unknown,unknown,0,,2023
96,2023,Title,INTERNATIONAL FEATURE FILM,INTERNATIONAL FEATURE FILM,an2026507,Perfect Days,tt27503384,Japan,unknown,unknown,0,,2023
96,2023,Title,INTERNATIONAL FEATURE FILM,INTERNATIONAL FEATURE FILM,an2026510,Society of the Snow,tt16277242,Spain,unknown,unknown,0,,2023
96,2023,Title,INTERNATIONAL FEATURE FILM,INTERNATIONAL FEATURE FILM,an2026503,The Teachers' Lounge,tt26612950,Germany,unknown,unknown,0,,2023
96,2023,Title,INTERNATIONAL FEATURE FILM,INTERNATIONAL FEATURE FILM,an2026513,The Zone of Interest,tt7160372,United Kingdom,unknown,unknown,1,,2023
96,2023,Production,MAKEUP AND HAIRSTYLING,MAKEUP AND HAIRSTYLING,an2026516,Golda,tt14454876,"Karen Hartley Thomas, Suzi Battersby and Ashra Kelly-Blue","Karen Hartley Thomas, Suzi Battersby, Ashra Kelly-Blue","nm0366857,nm3038497,nm12307106",0,,2023
96,2023,Production,MAKEUP AND HAIRSTYLING,MAKEUP AND HAIRSTYLING,an2026519,Maestro,tt5535276,"Kazu Hiro, Kay Georgiou and Lori McCoy-Bell","Kazu Hiro, Kay Georgiou, Lori McCoy-Bell","nm0875308,nm0313789,nm0566776",0,,2023
96,2023,Production,MAKEUP AND HAIRSTYLING,MAKEUP AND HAIRSTYLING,an2026521,Oppenheimer,tt15398776,Luisa Abel,Luisa Abel,nm0008468,0,,2023
96,2023,Production,MAKEUP AND HAIRSTYLING,MAKEUP AND HAIRSTYLING,an2026522,Poor Things,tt14230458,"Nadia Stacey, Mark Coulier and Josh Weston","Nadia Stacey, Mark Coulier, Josh Weston","nm2854751,nm0183418,nm2095782",1,,2023
96,2023,Production,MAKEUP AND HAIRSTYLING,MAKEUP AND HAIRSTYLING,an2026523,Society of the Snow,tt16277242,"Ana López-Puigcerver, David Martí and Montse Ribé","Ana López-Puigcerver, David Martí, Montse Ribé","nm0529913,nm0554480,nm1556767",0,,2023
96,2023,Music,MUSIC (Original Score),MUSIC (Original Score),an2026524,American Fiction,tt23561236,Laura Karpman,Laura Karpman,nm0440017,0,,2023
96,2023,Music,MUSIC (Original Score),MUSIC (Original Score),an2026531,Indiana Jones and the Dial of Destiny,tt1462764,John Williams,John Williams,nm0002354,0,,2023
96,2023,Music,MUSIC (Original Score),MUSIC (Original Score),an2026532,Killers of the Flower Moon,tt5537002,Robbie Robertson,Robbie Robertson,nm0005371,0,,2023
96,2023,Music,MUSIC (Original Score),MUSIC (Original Score),an2026533,Oppenheimer,tt15398776,Ludwig Göransson,Ludwig Göransson,nm3234869,1,,2023
96,2023,Music,MUSIC (Original Score),MUSIC (Original Score),an2026534,Poor Things,tt14230458,Jerskin Fendrix,Jerskin Fendrix,nm14930772,0,,2023
96,2023,Music,MUSIC (Original Song),MUSIC (Original Song),an2026562,Flamin' Hot,tt8105234,Music and Lyric by Diane Warren,Diane Warren,nm0005534,0,The Fire Inside,2023
96,2023,Music,MUSIC (Original Song),MUSIC (Original Song),an2026556,Barbie,tt1517268,Music and Lyric by Mark Ronson and Andrew Wyatt,"Mark Ronson, Andrew Wyatt","nm1053148,nm1961278",0,I'm Just Ken,2023
96,2023,Music,MUSIC (Original Song),MUSIC (Original Song),an2026550,American Symphony,tt28865980,Music and Lyric by Jon Batiste and Dan Wilson,"Jon Batiste, Dan Wilson","nm4456022,nm0933239",0,It Never Went Away,2023
96,2023,Music,MUSIC (Original Song),MUSIC (Original Song),an2026567,Killers of the Flower Moon,tt5537002,Music and Lyric by Scott George,Scott George,nm15238867,0,Wahzhazhe (A Song For My People),2023
96,2023,Music,MUSIC (Original Song),MUSIC (Original Song),an2026557,Barbie,tt1517268,Music and Lyric by Billie Eilish and Finneas O'Connell,"Billie Eilish, Finneas O'Connell","nm8483808,nm3906552",1,What Was I Made For?,2023
96,2023,Title,BEST PICTURE,BEST PICTURE,an2043471,American Fiction,tt23561236,"Ben LeClair, Nikos Karamigios, Cord Jefferson and Jermaine Johnson, Producers","Ben LeClair, Nikos Karamigios, Cord Jefferson, Jermaine Johnson","nm1444110,nm5068841,nm6852255,nm3905822",0,,2023
96,2023,Title,BEST PICTURE,BEST PICTURE,an2043467,Anatomy of a Fall,tt17009710,"Marie-Ange Luciani and David Thion, Producers","Marie-Ange Luciani, David Thion","nm4352455,nm0858196",0,,2023
96,2023,Title,BEST PICTURE,BEST PICTURE,an2043462,Barbie,tt1517268,"David Heyman, Margot Robbie, Tom Ackerley and Robbie Brenner, Producers","David Heyman, Margot Robbie, Tom Ackerley, Robbie Brenner","nm0382268,nm3053338,nm3943537,nm0107509",0,,2023
96,2023,Title,BEST PICTURE,BEST PICTURE,an2043465,The Holdovers,tt14849194,"Mark Johnson, Producer",Mark Johnson,nm0425741,0,,2023
96,2023,Title,BEST PICTURE,BEST PICTURE,an2043463,Killers of the Flower Moon,tt5537002,"Dan Friedkin, Bradley Thomas, Martin Scorsese and Daniel Lupi, Producers","Dan Friedkin, Bradley Thomas, Martin Scorsese, Daniel Lupi","nm6679051,nm0858554,nm0000217,nm0526917",0,,2023
96,2023,Title,BEST PICTURE,BEST PICTURE,an2043469,Maestro,tt5535276,"Bradley Cooper, Steven Spielberg, Fred Berner, Amy Durning and Kristie Macosko Krieger, Producers","Bradley Cooper, Steven Spielberg, Fred Berner, Amy Durning, Kristie Macosko Krieger","nm0177896,nm0000229,nm0076681,nm1570573,nm1069736",0,,2023
96,2023,Title,BEST PICTURE,BEST PICTURE,an2043461,Oppenheimer,tt15398776,"Emma Thomas, Charles Roven and Christopher Nolan, Producers","Emma Thomas, Charles Roven, Christopher Nolan","nm0858799,nm0746273,nm0634240",1,,2023
96,2023,Title,BEST PICTURE,BEST PICTURE,an2043468,Past Lives,tt13238346,"David Hinojosa, Christine Vachon and Pamela Koffler, Producers","David Hinojosa, Christine Vachon, Pamela Koffler","nm3065267,nm0882927,nm0463025",0,,2023
96,2023,Title,BEST PICTURE,BEST PICTURE,an2043464,Poor Things,tt14230458,"Ed Guiney, Andrew Lowe, Yorgos Lanthimos and Emma Stone, Producers","Ed Guiney, Andrew Lowe, Yorgos Lanthimos, Emma Stone","nm0347384,nm1103466,nm0487166,nm1297015",0,,2023
96,2023,Title,BEST PICTURE,BEST PICTURE,an2043470,The Zone of Interest,tt7160372,"James Wilson, Producer",James Wilson,nm1034914,0,,2023
96,2023,Production,ART DIRECTION,PRODUCTION DESIGN,an2043610,Barbie,tt1517268,Production Design: Sarah Greenwood; Set Decoration: Katie Spencer,"Sarah Greenwood, Katie Spencer","nm0339391,nm0818005",0,,2023
96,2023,Production,ART DIRECTION,PRODUCTION DESIGN,an2043613,Killers of the Flower Moon,tt5537002,Production Design: Jack Fisk; Set Decoration: Adam Willis,"Jack Fisk, Adam Willis","nm0279926,nm1853964",0,,2023
96,2023,Production,ART DIRECTION,PRODUCTION DESIGN,an2043618,Napoleon,tt13287846,Production Design: Arthur Max; Set Decoration: Elli Griff,"Arthur Max, Elli Griff","nm0561480,nm0341066",0,,2023
96,2023,Production,ART DIRECTION,PRODUCTION DESIGN,an2043611,Oppenheimer,tt15398776,Production Design: Ruth De Jong; Set Decoration: Claire Kaufman,"Ruth De Jong, Claire Kaufman","nm1968338,nm0442114",0,,2023
96,2023,Production,ART DIRECTION,PRODUCTION DESIGN,an2043612,Poor Things,tt14230458,Production Design: James Price and Shona Heath; Set Decoration: Zsuzsa Mihalek,"James Price, Shona Heath, Zsuzsa Mihalek","nm1483016,nm4257419,nm1386368",1,,2023
96,2023,Title,SHORT FILM (Animated),SHORT FILM (Animated),an2026608,Letter to a Pig,tt10346066,Tal Kantor and Amit R. Gicelter,"Tal Kantor, Amit R. Gicelter","nm7722734,nm1206834",0,,2023
96,2023,Title,SHORT FILM (Animated),SHORT FILM (Animated),an2026609,Ninety-Five Senses,tt11020596,Jerusha Hess and Jared Hess,"Jerusha Hess, Jared Hess","nm1415801,nm0381478",0,,2023
96,2023,Title,SHORT FILM (Animated),SHORT FILM (Animated),an2026611,Our Uniform,tt28058015,Yegane Moghaddam,Yegane Moghaddam,nm10057416,0,,2023
96,2023,Title,SHORT FILM (Animated),SHORT FILM (Animated),an2026612,Pachyderme,tt20862526,Stéphanie Clément and Marc Rius,"Stéphanie Clément, Marc Rius","nm13730667,nm12877825",0,,2023
96,2023,Title,SHORT FILM (Animated),SHORT FILM (Animated),an2026618,WAR IS OVER! Inspired by the Music of John & Yoko,tt29795707,Dave Mullins and Brad Booker,"Dave Mullins, Brad Booker","nm0612391,nm0095374",1,,2023
96,2023,Title,SHORT FILM (Live Action),SHORT FILM (Live Action),an2026620,The After,tt28532006,Misan Harriman and Nicky Bentham,"Misan Harriman, Nicky Bentham","nm12325486,nm1726830",0,,2023
96,2023,Title,SHORT FILM (Live Action),SHORT FILM (Live Action),an2045999,Invincible,tt22749100,Vincent René-Lortie and Samuel Caron,"Vincent René-Lortie, Samuel Caron","nm6118227,nm9108328",0,,2023
96,2023,Title,SHORT FILM (Live Action),SHORT FILM (Live Action),an2026629,Knight of Fortune,tt26600054,Lasse Lyskjær Noer and Christian Norlyk,"Lasse Lyskjær Noer, Christian Norlyk","nm10210418,nm10210414",0,,2023
96,2023,Title,SHORT FILM (Live Action),SHORT FILM (Live Action),an2026631,"Red, White and Blue",tt27759823,Nazrin Choudhury and Sara McFarlane,"Nazrin Choudhury, Sara McFarlane","nm1135653,nm10626793",0,,2023
96,2023,Title,SHORT FILM (Live Action),SHORT FILM (Live Action),an2026644,The Wonderful Story of Henry Sugar,tt16968450,Wes Anderson and Steven Rales,"Wes Anderson, Steven Rales","nm0027572,nm2262509",1,,2023
96,2023,Production,SOUND MIXING,SOUND,an2026648,The Creator,tt11858890,"Ian Voigt, Erik Aadahl, Ethan Van der Ryn, Tom Ozanich and Dean Zupancic","Ian Voigt, Erik Aadahl, Ethan Van der Ryn, Tom Ozanich, Dean Zupancic","nm0901189,nm0007321,nm0886399,nm0654696,nm0958711",0,,2023
96,2023,Production,SOUND MIXING,SOUND,an2026652,Maestro,tt5535276,"Steven A. Morrow, Richard King, Jason Ruder, Tom Ozanich and Dean Zupancic","Steven A. Morrow, Richard King, Jason Ruder, Tom Ozanich, Dean Zupancic","nm0607551,nm0455185,nm1720819,nm0654696,nm0958711",0,,2023
96,2023,Production,SOUND MIXING,SOUND,an2026653,Mission: Impossible - Dead Reckoning Part One,tt9603212,"Chris Munro, James H. Mather, Chris Burdon and Mark Taylor","Chris Munro, James H. Mather, Chris Burdon, Mark Taylor","nm0613101,nm0558450,nm0121006,nm0852837",0,,2023
96,2023,Production,SOUND MIXING,SOUND,an2026656,Oppenheimer,tt15398776,"Willie Burton, Richard King, Gary A. Rizzo and Kevin O'Connell","Willie Burton, Richard King, Gary A. Rizzo, Kevin O'Connell","nm0123770,nm0455185,nm0729886,nm0640114",0,,2023
96,2023,Production,SOUND MIXING,SOUND,an2026657,The Zone of Interest,tt7160372,Tarn Willers and Johnnie Burn,"Tarn Willers, Johnnie Burn","nm1353680,nm1908855",1,,2023
96,2023,Production,VISUAL EFFECTS,VISUAL EFFECTS,an2026658,The Creator,tt11858890,"Jay Cooper, Ian Comley, Andrew Roberts and Neil Corbould","Jay Cooper, Ian Comley, Andrew Roberts, Neil Corbould","nm0178134,nm2026173,nm1209102,nm0179273",0,,2023
96,2023,Production,VISUAL EFFECTS,VISUAL EFFECTS,an2026660,Godzilla Minus One,tt23289160,"Takashi Yamazaki, Kiyoko Shibuya, Masaki Takahashi and Tatsuji Nojima","Takashi Yamazaki, Kiyoko Shibuya, Masaki Takahashi, Tatsuji Nojima","nm0945724,nm2181714,nm15597114,nm10213275",1,,2023
96,2023,Production,VISUAL EFFECTS,VISUAL EFFECTS,an2026661,Guardians of the Galaxy Vol. 3,tt6791350,"Stephane Ceretti, Alexis Wajsbrot, Guy Williams and Theo Bialek","Stephane Ceretti, Alexis Wajsbrot, Guy Williams, Theo Bialek","nm0148547,nm2528062,nm1401413,nm1322273",0,,2023
96,2023,Production,VISUAL EFFECTS,VISUAL EFFECTS,an2026663,Mission: Impossible - Dead Reckoning Part One,tt9603212,"Alex Wuttke, Simone Coco, Jeff Sutherland and Neil Corbould","Alex Wuttke, Simone Coco, Jeff Sutherland, Neil Corbould","nm1239209,nm3719408,nm0840112,nm0179273",0,,2023
96,2023,Production,VISUAL EFFECTS,VISUAL EFFECTS,an2026664,Napoleon,tt13287846,"Charley Henley, Luc-Ewen Martin-Fenouillet, Simone Coco and Neil Corbould","Charley Henley, Luc-Ewen Martin-Fenouillet, Simone Coco, Neil Corbould","nm0377111,nm4808108,nm3719408,nm0179273",0,,2023
96,2023,Writing,WRITING (Adapted Screenplay),WRITING (Adapted Screenplay),an2043542,American Fiction,tt23561236,Written for the screen by Cord Jefferson,Cord Jefferson,nm6852255,1,,2023
96,2023,Writing,WRITING (Adapted Screenplay),WRITING (Adapted Screenplay),an2043540,Barbie,tt1517268,Written by Greta Gerwig & Noah Baumbach,"Greta Gerwig, Noah Baumbach","nm1950086,nm0000876",0,,2023
96,2023,Writing,WRITING (Adapted Screenplay),WRITING (Adapted Screenplay),an2043541,Oppenheimer,tt15398776,Written for the screen by Christopher Nolan,Christopher Nolan,nm0634240,0,,2023
96,2023,Writing,WRITING (Adapted Screenplay),WRITING (Adapted Screenplay),an2043543,Poor Things,tt14230458,Screenplay by Tony McNamara,Tony McNamara,nm1110111,0,,2023
96,2023,Writing,WRITING (Adapted Screenplay),WRITING (Adapted Screenplay),an2043546,The Zone of Interest,tt7160372,Written by Jonathan Glazer,Jonathan Glazer,nm0322242,0,,2023
96,2023,Writing,WRITING (Original Screenplay),WRITING (Original Screenplay),an2043565,Anatomy of a Fall,tt17009710,Screenplay - Justine Triet and Arthur Harari,"Screenplay - Justine Triet, Arthur Harari","nm2630323,nm1932959",1,,2023
96,2023,Writing,WRITING (Original Screenplay),WRITING (Original Screenplay),an2043566,The Holdovers,tt14849194,Written by David Hemingson,David Hemingson,nm0376003,0,,2023
96,2023,Writing,WRITING (Original Screenplay),WRITING (Original Screenplay),an2043570,Maestro,tt5535276,Written by Bradley Cooper & Josh Singer,"Bradley Cooper, Josh Singer","nm0177896,nm1802857",0,,2023
96,2023,Writing,WRITING (Original Screenplay),WRITING (Original Screenplay),an2043567,May December,tt13651794,Screenplay by Samy Burch; Story by Samy Burch & Alex Mechanik,"Samy Burch, Alex Mechanik","nm2092552,nm2553112",0,,2023
96,2023,Writing,WRITING (Original Screenplay),WRITING (Original Screenplay),an2043568,Past Lives,tt13238346,Written by Celine Song,Celine Song,nm10227660,0,,2023
97,2024,Acting,ACTOR IN A LEADING ROLE,ACTOR IN A LEADING ROLE,fake_nomid012,The Brutalist,tt8999762,Adrien Brody,Adrien Brody,nm0004778,1,László Tóth,2024
97,2024,Acting,ACTOR IN A LEADING ROLE,ACTOR IN A LEADING ROLE,fake_nomid010,A Complete Unknown,tt11563598,Timothée Chalamet,Timothée Chalamet,nm3154303,0,Bob Dylan,2024
97,2024,Acting,ACTOR IN A LEADING ROLE,ACTOR IN A LEADING ROLE,fake_nomid013,Sing Sing,tt28479262,Colman Domingo,Colman Domingo,nm0231458,0,Divine G,2024
97,2024,Acting,ACTOR IN A LEADING ROLE,ACTOR IN A LEADING ROLE,fake_nomid011,Conclave,tt20215234,Ralph Fiennes,Ralph Fiennes,nm0000146,0,Lawrence,2024
97,2024,Acting,ACTOR IN A LEADING ROLE,ACTOR IN A LEADING ROLE,fake_nomid014,The Apprentice,tt8368368,Sebastian Stan,Sebastian Stan,nm1659221,0,Donald Trump,2024
97,2024,Acting,ACTOR IN A SUPPORTING ROLE,ACTOR IN A SUPPORTING ROLE,fake_nomid022,Anora,tt28607951,Yura Borisov,Yura Borisov,nm5426973,0,Igor,2024
97,2024,Acting,ACTOR IN A SUPPORTING ROLE,ACTOR IN A SUPPORTING ROLE,fake_nomid020,A Real Pain,tt21823606,Kieran Culkin,Kieran Culkin,nm0001085,1,Benji Kaplan,2024
97,2024,Acting,ACTOR IN A SUPPORTING ROLE,ACTOR IN A SUPPORTING ROLE,fake_nomid021,A Complete Unknown,tt11563598,Edward Norton,Edward Norton,nm0001570,0,Pete Seeger,2024
97,2024,Acting,ACTOR IN A SUPPORTING ROLE,ACTOR IN A SUPPORTING ROLE,fake_nomid023,The Brutalist,tt8999762,Guy Pearce,Guy Pearce,nm0001602,0,Harrison Leo Van Buren Sr.,2024
97,2024,Acting,ACTOR IN A SUPPORTING ROLE,ACTOR IN A SUPPORTING ROLE,fake_nomid024,The Apprentice,tt8368368,Jeremy Strong,Jeremy Strong,nm0834989,0,Roy Cohn,2024
97,2024,Acting,ACTRESS IN A LEADING ROLE,ACTRESS IN A LEADING ROLE,fake_nomid019,Wicked,tt1262426,Cynthia Erivo,Cynthia Erivo,nm7248827,0,Elphaba,2024
97,2024,Acting,ACTRESS IN A LEADING ROLE,ACTRESS IN A LEADING ROLE,fake_nomid018,Emilia Pérez,tt20221436,Karla Sofía Gascón,Karla Sofía Gascón,nm1035423,0,Emilia/Manitas,2024
97,2024,Acting,ACTRESS IN A LEADING ROLE,ACTRESS IN A LEADING ROLE,fake_nomid015,Anora,tt28607951,Mikey Madison,Mikey Madison,nm5700898,1,Ani,2024
97,2024,Acting,ACTRESS IN A LEADING ROLE,ACTRESS IN A LEADING ROLE,fake_nomid017,The Substance,tt17526714,Demi Moore,Demi Moore,nm0000193,0,Elisabeth Sparkle,2024
97,2024,Acting,ACTRESS IN A LEADING ROLE,ACTRESS IN A LEADING ROLE,fake_nomid016,I'm Still Here,tt14961016,Fernanda Torres,Fernanda Torres,nm0868639,0,Eunice Paiva,2024
97,2024,Acting,ACTRESS IN A SUPPORTING ROLE,ACTRESS IN A SUPPORTING ROLE,fake_nomid028,A Complete Unknown,tt11563598,Monica Barbaro,Monica Barbaro,nm4834815,0,Joan Baez,2024
97,2024,Acting,ACTRESS IN A SUPPORTING ROLE,ACTRESS IN A SUPPORTING ROLE,fake_nomid026,Wicked,tt1262426,Ariana Grande,Ariana Grande,nm3812858,0,Galinda/Glinda,2024
97,2024,Acting,ACTRESS IN A SUPPORTING ROLE,ACTRESS IN A SUPPORTING ROLE,fake_nomid029,The Brutalist,tt8999762,Felicity Jones,Felicity Jones,nm0428065,0,Erzébet Tóth,2024
97,2024,Acting,ACTRESS IN A SUPPORTING ROLE,ACTRESS IN A SUPPORTING ROLE,fake_nomid027,Conclave,tt20215234,Isabella Rossellini,Isabella Rossellini,nm0000618,0,Sister Agnes,2024
97,2024,Acting,ACTRESS IN A SUPPORTING ROLE,ACTRESS IN A SUPPORTING ROLE,fake_nomid025,Emilia Pérez,tt20221436,Zoe Saldaña,Zoe Saldaña,nm0757855,1,Rita,2024
97,2024,Title,ANIMATED FEATURE FILM,ANIMATED FEATURE FILM,fake_nomid096,Flow,tt4772188,"Gints Zilbalodis, Matiss Kaža, Ron Dyens and Gregory Zalcman","Gints Zilbalodis, Matiss Kaža, Ron Dyens, Gregory Zalcman","nm6478535,nm5186633,nm1054433,nm3537684",1,,2024
97,2024,Title,ANIMATED FEATURE FILM,ANIMATED FEATURE FILM,fake_nomid097,Inside Out 2,tt22022452,Kelsey Mann and Mark Nielsen,"Kelsey Mann, Mark Nielsen","nm1626375,nm0630923",0,,2024
97,2024,Title,ANIMATED FEATURE FILM,ANIMATED FEATURE FILM,fake_nomid099,Memoir of a Snail,tt23770030,Adam Elliot and Liz Kearney,"Adam Elliot, Liz Kearney","nm0254178,nm2782306",0,,2024
97,2024,Title,ANIMATED FEATURE FILM,ANIMATED FEATURE FILM,fake_nomid098,Wallace & Gromit: Vengeance Most Fowl,tt17163970,"Nick Park, Merlin Crossingham and Richard Beek","Nick Park, Merlin Crossingham, Richard Beek","nm0661910,nm1271549,nm1485380",0,,2024
97,2024,Title,ANIMATED FEATURE FILM,ANIMATED FEATURE FILM,fake_nomid095,The Wild Robot,tt29623480,Chris Sanders and Jeff Hermann,"Chris Sanders, Jeff Hermann","nm0761498,nm1915863",0,,2024
97,2024,Title,SHORT FILM (Animated),ANIMATED SHORT FILM,fake_nomid100,Beautiful Men,tt30835281,Nicolas Keppens and Brecht Van Elslande,"Nicolas Keppens, Brecht Van Elslande","nm9479994,nm8653244",0,,2024
97,2024,Title,SHORT FILM (Animated),ANIMATED SHORT FILM,fake_nomid101,In the Shadow of the Cypress,tt28768883,Shirin Sohani and Hossein Molayemi,"Shirin Sohani, Hossein Molayemi","nm11580481,nm5548859",1,,2024
97,2024,Title,SHORT FILM (Animated),ANIMATED SHORT FILM,fake_nomid102,Magic Candies,tt31888603,Daisuke Nishio and Takashi Washio,"Daisuke Nishio, Takashi Washio","nm0632788,nm2911605",0,,2024
97,2024,Title,SHORT FILM (Animated),ANIMATED SHORT FILM,fake_nomid103,Wander to Wonder,tt28768679,Nina Gantz and Stienette Bosklopper,"Nina Gantz, Stienette Bosklopper","nm2441981,nm0097975",0,,2024
97,2024,Title,SHORT FILM (Animated),ANIMATED SHORT FILM,fake_nomid104,Yuck!,tt28356173,Loïc Espuche and Juliette Marquet,"Loïc Espuche, Juliette Marquet","nm7167768,nm9489851",0,,2024
97,2024,Production,CINEMATOGRAPHY,CINEMATOGRAPHY,fake_nomid045,The Brutalist,tt8999762,Lol Crawley,Lol Crawley,nm0187018,1,,2024
97,2024,Production,CINEMATOGRAPHY,CINEMATOGRAPHY,fake_nomid047,Dune: Part Two,tt15239678,Greig Fraser,Greig Fraser,nm0292132,0,,2024
97,2024,Production,CINEMATOGRAPHY,CINEMATOGRAPHY,fake_nomid049,Emilia Pérez,tt20221436,Paul Guilhaume,Paul Guilhaume,nm5243556,0,,2024
97,2024,Production,CINEMATOGRAPHY,CINEMATOGRAPHY,fake_nomid048,Maria,tt22893404,Ed Lachman,Ed Lachman,nm0005767,0,,2024
97,2024,Production,CINEMATOGRAPHY,CINEMATOGRAPHY,fake_nomid046,Nosferatu,tt5040012,Jarin Blaschke,Jarin Blaschke,nm1144916,0,,2024
97,2024,Production,COSTUME DESIGN,COSTUME DESIGN,fake_nomid062,A Complete Unknown,tt11563598,Arianne Phillips,Arianne Phillips,nm0680218,0,,2024
97,2024,Production,COSTUME DESIGN,COSTUME DESIGN,fake_nomid063,Conclave,tt20215234,Lisy Christl,Lisy Christl,nm0160425,0,,2024
97,2024,Production,COSTUME DESIGN,COSTUME DESIGN,fake_nomid064,Gladiator II,tt9218128,Janty Yates and Dave Crossman,"Janty Yates, Dave Crossman","nm0946765,nm0189366",0,,2024
97,2024,Production,COSTUME DESIGN,COSTUME DESIGN,fake_nomid061,Nosferatu,tt5040012,Linda Muir,Linda Muir,nm0611379,0,,2024
97,2024,Production,COSTUME DESIGN,COSTUME DESIGN,fake_nomid060,Wicked,tt1262426,Paul Tazewell,Paul Tazewell,nm3477899,1,,2024
97,2024,Directing,DIRECTING,DIRECTING,fake_nomid032,Anora,tt28607951,Sean Baker,Sean Baker,nm0048918,1,,2024
97,2024,Directing,DIRECTING,DIRECTING,fake_nomid030,The Brutalist,tt8999762,Brady Corbet,Brady Corbet,nm1227232,0,,2024
97,2024,Directing,DIRECTING,DIRECTING,fake_nomid034,A Complete Unknown,tt11563598,James Mangold,James Mangold,nm0003506,0,,2024
97,2024,Directing,DIRECTING,DIRECTING,fake_nomid031,Emilia Pérez,tt20221436,Jacques Audiard,Jacques Audiard,nm0002191,0,,2024
97,2024,Directing,DIRECTING,DIRECTING,fake_nomid033,The Substance,tt17526714,Coralie Fargeat,Coralie Fargeat,nm0267287,0,,2024
97,2024,Title,DOCUMENTARY (Feature),DOCUMENTARY FEATURE FILM,fake_nomid090,Black Box Diaries,tt30227076,"Shiori Ito, Eric Nyari and Hanna Aqvilin","Shiori Ito, Eric Nyari, Hanna Aqvilin","nm10340152,nm3552229,nm8687719",0,,2024
97,2024,Title,DOCUMENTARY (Feature),DOCUMENTARY FEATURE FILM,fake_nomid091,No Other Land,tt30953759,"Basel Adra, Rachel Szor, Hamdan Ballal and Yuval Abraham","Basel Adra, Rachel Szor, Hamdan Ballal, Yuval Abraham","nm15732719,nm15732722,nm15732720,nm15732721",1,,2024
97,2024,Title,DOCUMENTARY (Feature),DOCUMENTARY FEATURE FILM,fake_nomid092,Porcelain War,tt30294282,"Brendan Bellomo, Slava Leontyev, Aniela Sidorska and Paula DuPre' Pesmen","Brendan Bellomo, Slava Leontyev, Aniela Sidorska, Paula DuPre' Pesmen","nm2252386,nm13731165,nm4527585,nm0243462",0,,2024
97,2024,Title,DOCUMENTARY (Feature),DOCUMENTARY FEATURE FILM,fake_nomid093,Soundtrack to a Coup d'Etat,tt14452174,"Johan Grimonprez, Daan Milius and Rémi Grellety","Johan Grimonprez, Daan Milius, Rémi Grellety","nm1431615,nm4210363,nm4009159",0,,2024
97,2024,Title,DOCUMENTARY (Feature),DOCUMENTARY FEATURE FILM,fake_nomid094,Sugarcane,tt30319854,"Julian Brave NoiseCat, Emily Kassie and Kellen Quinn","Julian Brave NoiseCat, Emily Kassie, Kellen Quinn","nm11927478,nm3354131,nm2062930",0,,2024
97,2024,Title,DOCUMENTARY (Short Subject),DOCUMENTARY SHORT FILM,fake_nomid110,Death by Numbers,tt33385063,Kim A. Snyder and Janique L. Robillard,"Kim A. Snyder, Janique L. Robillard","nm0811502,nm4953625",0,,2024
97,2024,Title,DOCUMENTARY (Short Subject),DOCUMENTARY SHORT FILM,fake_nomid111,"I Am Ready, Warden",tt31556921,Smriti Mundhra and Maya Gnyp,"Smriti Mundhra, Maya Gnyp","nm0612731,nm3849774",0,,2024
97,2024,Title,DOCUMENTARY (Short Subject),DOCUMENTARY SHORT FILM,fake_nomid112,Incident,tt27990245,Bill Morrison and Jamie Kalven,"Bill Morrison, Jamie Kalven","nm0994484,nm7758108",0,,2024
97,2024,Title,DOCUMENTARY (Short Subject),DOCUMENTARY SHORT FILM,fake_nomid113,Instruments of a Beating Heart,tt32280470,Ema Ryan Yamazaki and Eric Nyari,"Ema Ryan Yamazaki, Eric Nyari","nm3655292,nm3552229",0,,2024
97,2024,Title,DOCUMENTARY (Short Subject),DOCUMENTARY SHORT FILM,fake_nomid114,The Only Girl in the Orchestra,tt29497240,Molly O'Brien and Lisa Remington,"Molly O'Brien, Lisa Remington","nm0639739,nm1919152",1,,2024
97,2024,Production,FILM EDITING,FILM EDITING,fake_nomid051,Anora,tt28607951,Sean Baker,Sean Baker,nm0048918,1,,2024
97,2024,Production,FILM EDITING,FILM EDITING,fake_nomid054,The Brutalist,tt8999762,David Jancso,David Jancso,nm0417347,0,,2024
97,2024,Production,FILM EDITING,FILM EDITING,fake_nomid050,Conclave,tt20215234,Nick Emerson,Nick Emerson,nm2512313,0,,2024
97,2024,Production,FILM EDITING,FILM EDITING,fake_nomid052,Emilia Pérez,tt20221436,Juliette Welfling,Juliette Welfling,nm0919761,0,,2024
97,2024,Production,FILM EDITING,FILM EDITING,fake_nomid053,Wicked,tt1262426,Myron Kerstein,Myron Kerstein,nm0450005,0,,2024
97,2024,Title,INTERNATIONAL FEATURE FILM,INTERNATIONAL FEATURE FILM,fake_nomid117,Emilia Pérez,tt20221436,France,unknown,unknown,0,,2024
97,2024,Title,INTERNATIONAL FEATURE FILM,INTERNATIONAL FEATURE FILM,fake_nomid119,Flow,tt4772188,Latvia,unknown,unknown,0,,2024
97,2024,Title,INTERNATIONAL FEATURE FILM,INTERNATIONAL FEATURE FILM,fake_nomid116,The Girl with the Needle,tt10236164,Denmark,unknown,unknown,0,,2024
97,2024,Title,INTERNATIONAL FEATURE FILM,INTERNATIONAL FEATURE FILM,fake_nomid115,I'm Still Here,tt14961016,Brazil,unknown,unknown,1,,2024
97,2024,Title,INTERNATIONAL FEATURE FILM,INTERNATIONAL FEATURE FILM,fake_nomid118,The Seed of the Sacred Fig,tt32178949,Germany,unknown,unknown,0,,2024
97,2024,Production,MAKEUP AND HAIRSTYLING,MAKEUP AND HAIRSTYLING,fake_nomid070,A Different Man,tt21097228,"Mike Marino, David Presto and Crystal Jurado","Mike Marino, David Presto, Crystal Jurado","nm0002514,nm1404648,nm10455135",0,,2024
97,2024,Production,MAKEUP AND HAIRSTYLING,MAKEUP AND HAIRSTYLING,fake_nomid071,Emilia Pérez,tt20221436,"Julia Floch Carbonel, Emmanuel Janvier and Jean-Christophe Spadaccini","Julia Floch Carbonel, Emmanuel Janvier, Jean-Christophe Spadaccini","nm2086842,nm13243014,nm0816504",0,,2024
97,2024,Production,MAKEUP AND HAIRSTYLING,MAKEUP AND HAIRSTYLING,fake_nomid072,Nosferatu,tt5040012,"David White, Traci Loader and Suzanne Stokes-Munton","David White, Traci Loader, Suzanne Stokes-Munton","nm0924675,nm0516365,nm0831404",0,,2024
97,2024,Production,MAKEUP AND HAIRSTYLING,MAKEUP AND HAIRSTYLING,fake_nomid073,The Substance,tt17526714,"Pierre-Olivier Persin, Stéphanie Guillon and Marilyne Scarselli","Pierre-Olivier Persin, Stéphanie Guillon, Marilyne Scarselli","nm1031952,nm1213050,nm3388862",1,,2024
97,2024,Production,MAKEUP AND HAIRSTYLING,MAKEUP AND HAIRSTYLING,fake_nomid074,Wicked,tt1262426,"Frances Hannon, Laura Blount and Sarah Nuth","Frances Hannon, Laura Blount, Sarah Nuth","nm0360470,nm3368818,nm2942968",0,,2024
97,2024,Music,MUSIC (Original Score),MUSIC (Original Score),fake_nomid075,The Brutalist,tt8999762,Daniel Blumberg,Daniel Blumberg,nm11771045,1,,2024
97,2024,Music,MUSIC (Original Score),MUSIC (Original Score),fake_nomid076,Conclave,tt20215234,Volker Bertelmann,Volker Bertelmann,nm2890617,0,,2024
97,2024,Music,MUSIC (Original Score),MUSIC (Original Score),fake_nomid077,Emilia Pérez,tt20221436,Clément Ducol and Camille,"Clément Ducol, Camille","nm4711393,nm1722079",0,,2024
97,2024,Music,MUSIC (Original Score),MUSIC (Original Score),fake_nomid078,Wicked,tt1262426,John Powell and Stephen Schwartz,"John Powell, Stephen Schwartz","nm0694173,nm0777451",0,,2024
97,2024,Music,MUSIC (Original Score),MUSIC (Original Score),fake_nomid079,The Wild Robot,tt29623480,Kris Bowers,Kris Bowers,nm3929283,0,,2024
97,2024,Music,MUSIC (Original Song),MUSIC (Original Song),fake_nomid081,Emilia Pérez,tt20221436,"Music by Clément Ducol and Camille; Lyric by Clément Ducol, Camille and Jacques Audiard","Clément Ducol, Camille, Jacques Audiard","nm4711393,nm1722079,nm0002191",1,El Mal,2024
97,2024,Music,MUSIC (Original Song),MUSIC (Original Song),fake_nomid084,The Six Triple Eight,tt24458622,Music and Lyric by Diane Warren,Diane Warren,nm0005534,0,The Journey,2024
97,2024,Music,MUSIC (Original Song),MUSIC (Original Song),fake_nomid083,Sing Sing,tt28479262,Music and Lyric by Abraham Alexander and Adrian Quesada,"Abraham Alexander, Adrian Quesada","nm11153958,nm2557663",0,Like A Bird,2024
97,2024,Music,MUSIC (Original Song),MUSIC (Original Song),fake_nomid082,Emilia Pérez,tt20221436,Music and Lyric by Camille and Clément Ducol,"Camille, Clément Ducol","nm1722079,nm4711393",0,Mi Camino,2024
97,2024,Music,MUSIC (Original Song),MUSIC (Original Song),fake_nomid080,Elton John: Never Too Late,tt20316978,"Music and Lyric by Elton John, Brandi Carlile, Andrew Watt and Bernie Taupin","Elton John, Brandi Carlile, Andrew Watt, Bernie Taupin","nm0005056,nm1848488,nm3353159,nm0005479",0,Never Too Late,2024
97,2024,Title,BEST PICTURE,BEST PICTURE,fake_nomid002,Anora,tt28607951,"Alex Coco, Samantha Quan and Sean Baker, Producers","Alex Coco, Samantha Quan, Sean Baker","nm7866544,nm1013476,nm0048918",1,,2024
97,2024,Title,BEST PICTURE,BEST PICTURE,fake_nomid004,The Brutalist,tt8999762,"Nick Gordon, Brian Young, Andrew Morrison, D.J. Gugenheim and Brady Corbet, Producers","Nick Gordon, Brian Young, Andrew Morrison, D.J. Gugenheim, Brady Corbet","nm0330482,nm1491945,nm6513341,nm1486759,nm1227232",0,,2024
97,2024,Title,BEST PICTURE,BEST PICTURE,fake_nomid008,A Complete Unknown,tt11563598,"Fred Berger, James Mangold and Alex Heineman, Producers","Fred Berger, James Mangold, Alex Heineman","nm1757754,nm0003506,nm2670366",0,,2024
97,2024,Title,BEST PICTURE,BEST PICTURE,fake_nomid003,Conclave,tt20215234,"Tessa Ross, Juliette Howell and Michael A. Jackman, Producers","Tessa Ross, Juliette Howell, Michael A. Jackman","nm0743882,nm0397998,nm0413182",0,,2024
97,2024,Title,BEST PICTURE,BEST PICTURE,fake_nomid005,Dune: Part Two,tt15239678,"Mary Parent, Cale Boyter, Tanya Lapointe and Denis Villeneuve, Producers","Mary Parent, Cale Boyter, Tanya Lapointe, Denis Villeneuve","nm0661289,nm1212547,nm7069070,nm0898288",0,,2024
97,2024,Title,BEST PICTURE,BEST PICTURE,fake_nomid006,Emilia Pérez,tt20221436,"Pascal Caucheteux and Jacques Audiard, Producers","Pascal Caucheteux, Jacques Audiard","nm0146434,nm0002191",0,,2024
97,2024,Title,BEST PICTURE,BEST PICTURE,fake_nomid009,I'm Still Here,tt14961016,"Maria Carlota Bruno and Rodrigo Teixeira, Producers","Maria Carlota Bruno, Rodrigo Teixeira","nm1750060,nm2095560",0,,2024
97,2024,Title,BEST PICTURE,BEST PICTURE,fake_nomid007,Nickel Boys,tt23055660,"Dede Gardner, Jeremy Kleiner and Joslyn Barnes, Producers","Dede Gardner, Jeremy Kleiner, Joslyn Barnes","nm0306890,nm1250070,nm0055656",0,,2024
97,2024,Title,BEST PICTURE,BEST PICTURE,fake_nomid001,The Substance,tt17526714,"Coralie Fargeat and Tim Bevan & Eric Fellner, Producers","Coralie Fargeat, Tim Bevan, Eric Fellner","nm0267287,nm0079677,nm0271479",0,,2024
97,2024,Title,BEST PICTURE,BEST PICTURE,fake_nomid000,Wicked,tt1262426,"Marc Platt, Producer",Marc Platt,nm0686887,0,,2024
97,2024,Production,ART DIRECTION,PRODUCTION DESIGN,fake_nomid056,The Brutalist,tt8999762,Production Design: Judy Becker; Set Decoration: Patricia Cuccia,"Judy Becker, Patricia Cuccia","nm0065473,nm0190966",0,,2024
97,2024,Production,ART DIRECTION,PRODUCTION DESIGN,fake_nomid059,Conclave,tt20215234,Production Design: Suzie Davies; Set Decoration: Cynthia Sleiter,"Suzie Davies, Cynthia Sleiter","nm0203990,nm0003775",0,,2024
97,2024,Production,ART DIRECTION,PRODUCTION DESIGN,fake_nomid057,Dune: Part Two,tt15239678,Production Design: Patrice Vermette; Set Decoration: Shane Vieau,"Patrice Vermette, Shane Vieau","nm0894411,nm0896580",0,,2024
97,2024,Production,ART DIRECTION,PRODUCTION DESIGN,fake_nomid058,Nosferatu,tt5040012,Production Design: Craig Lathrop; Set Decoration: Beatrice Brentnerová,"Craig Lathrop, Beatrice Brentnerová","nm0490154,nm1492239",0,,2024
97,2024,Production,ART DIRECTION,PRODUCTION DESIGN,fake_nomid055,Wicked,tt1262426,Production Design: Nathan Crowley; Set Decoration: Lee Sandales,"Nathan Crowley, Lee Sandales","nm0189769,nm0761227",1,,2024
97,2024,Title,SHORT FILM (Live Action),SHORT FILM (Live Action),fake_nomid107,A Lien,tt27655666,Sam Cutler-Kreutz and David Cutler-Kreutz,"Sam Cutler-Kreutz, David Cutler-Kreutz","nm4972708,nm9877582",0,,2024
97,2024,Title,SHORT FILM (Live Action),SHORT FILM (Live Action),fake_nomid105,Anuja,tt27654431,Adam J. Graves and Suchitra Mattai,"Adam J. Graves, Suchitra Mattai","nm12809780,nm11820954",0,,2024
97,2024,Title,SHORT FILM (Live Action),SHORT FILM (Live Action),fake_nomid109,I'm Not a Robot,tt19837932,Victoria Warmerdam and Trent,"Victoria Warmerdam, Trent","nm6255610,nm0686692",1,,2024
97,2024,Title,SHORT FILM (Live Action),SHORT FILM (Live Action),fake_nomid106,The Last Ranger,tt15802124,Cindy Lee and Darwin Shaw,"Cindy Lee, Darwin Shaw","nm8305829,nm0787430",0,,2024
97,2024,Title,SHORT FILM (Live Action),SHORT FILM (Live Action),fake_nomid108,The Man Who Could Not Remain Silent,tt20519854,Nebojša Slijepcevic and Danijel Pek,"Nebojša Slijepcevic, Danijel Pek","nm1196483,nm4148941",0,,2024
97,2024,Production,SOUND MIXING,SOUND,fake_nomid065,A Complete Unknown,tt11563598,"Tod A. Maitland, Donald Sylvester, Ted Caplan, Paul Massey and David Giammarco","Tod A. Maitland, Donald Sylvester, Ted Caplan, Paul Massey, David Giammarco","nm0537972,nm0843219,nm0135242,nm0557338,nm0316102",0,,2024
97,2024,Production,SOUND MIXING,SOUND,fake_nomid066,Dune: Part Two,tt15239678,"Gareth John, Richard King, Ron Bartlett and Doug Hemphill","Gareth John, Richard King, Ron Bartlett, Doug Hemphill","nm0424163,nm0455185,nm0058897,nm0376153",1,,2024
97,2024,Production,SOUND MIXING,SOUND,fake_nomid067,Emilia Pérez,tt20221436,"Erwan Kerzanet, Aymeric Devoldère, Maxence Dussère, Cyril Holtz and Niels Barletta","Erwan Kerzanet, Aymeric Devoldère, Maxence Dussère, Cyril Holtz, Niels Barletta","nm1052723,nm0222862,nm5687717,nm0392652,nm4069968",0,,2024
97,2024,Production,SOUND MIXING,SOUND,fake_nomid068,Wicked,tt1262426,"Simon Hayes, Nancy Nugent Title, Jack Dolman, Andy Nelson and John Marquis","Simon Hayes, Nancy Nugent Title, Jack Dolman, Andy Nelson, John Marquis","nm1536532,nm0637810,nm3387973,nm0625144,nm1308738",0,,2024
97,2024,Production,SOUND MIXING,SOUND,fake_nomid069,The Wild Robot,tt29623480,"Randy Thom, Brian Chumney, Gary A. Rizzo and Leff Lefferts","Randy Thom, Brian Chumney, Gary A. Rizzo, Leff Lefferts","nm0858378,nm1014073,nm0729886,nm1396496",0,,2024
97,2024,Production,VISUAL EFFECTS,VISUAL EFFECTS,fake_nomid085,Alien: Romulus,tt18412256,"Eric Barba, Nelson Sepulveda-Fauser, Daniel Macarin and Shane Mahan","Eric Barba, Nelson Sepulveda-Fauser, Daniel Macarin, Shane Mahan","nm0053146,nm0784700,nm1652052,nm0536752",0,,2024
97,2024,Production,VISUAL EFFECTS,VISUAL EFFECTS,fake_nomid086,Better Man,tt14260836,"Luke Millar, David Clayton, Keith Herft and Peter Stubbs","Luke Millar, David Clayton, Keith Herft, Peter Stubbs","nm1515480,nm2238085,nm1981800,nm0835934",0,,2024
97,2024,Production,VISUAL EFFECTS,VISUAL EFFECTS,fake_nomid087,Dune: Part Two,tt15239678,"Paul Lambert, Stephen James, Rhys Salcombe and Gerd Nefzer","Paul Lambert, Stephen James, Rhys Salcombe, Gerd Nefzer","nm0995902,nm2133637,nm2399047,nm0275382",1,,2024
97,2024,Production,VISUAL EFFECTS,VISUAL EFFECTS,fake_nomid088,Kingdom of the Planet of the Apes,tt11389872,"Erik Winquist, Stephen Unterfranz, Paul Story and Rodney Burke","Erik Winquist, Stephen Unterfranz, Paul Story, Rodney Burke","nm0935445,nm0881359,nm0832737,nm0121849",0,,2024
97,2024,Production,VISUAL EFFECTS,VISUAL EFFECTS,fake_nomid089,Wicked,tt1262426,"Pablo Helman, Jonathan Fawkner, David Shirk and Paul Corbould","Pablo Helman, Jonathan Fawkner, David Shirk, Paul Corbould","nm0375666,nm1000834,nm1874068,nm0179274",0,,2024
97,2024,Writing,WRITING (Adapted Screenplay),WRITING (Adapted Screenplay),fake_nomid041,A Complete Unknown,tt11563598,Screenplay by James Mangold and Jay Cocks,"James Mangold, Jay Cocks","nm0003506,nm0168379",0,,2024
97,2024,Writing,WRITING (Adapted Screenplay),WRITING (Adapted Screenplay),fake_nomid040,Conclave,tt20215234,Screenplay by Peter Straughan,Peter Straughan,nm1661186,1,,2024
97,2024,Writing,WRITING (Adapted Screenplay),WRITING (Adapted Screenplay),fake_nomid042,Emilia Pérez,tt20221436,"Screenplay by Jacques Audiard; In collaboration with Thomas Bidegain, Léa Mysius and Nicolas Livecchi","Jacques Audiard, In collaboration with Thomas Bidegain, Léa Mysius, Nicolas Livecchi","nm0002191,nm0081179,nm5674565,nm5365694",0,,2024
97,2024,Writing,WRITING (Adapted Screenplay),WRITING (Adapted Screenplay),fake_nomid043,Nickel Boys,tt23055660,Screenplay by RaMell Ross & Joslyn Barnes,"RaMell Ross, Joslyn Barnes","nm8840476,nm0055656",0,,2024
97,2024,Writing,WRITING (Adapted Screenplay),WRITING (Adapted Screenplay),fake_nomid044,Sing Sing,tt28479262,"Screenplay by Clint Bentley, Greg Kwedar; Story by Clint Bentley, Greg Kwedar, Clarence Maclin, John \""Divine G\"" Whitfield","Clint Bentley, Greg Kwedar, Clarence Maclin, John \""Divine G\"" Whitfield","nm3286079,nm3613117,nm13697094,nm5874224",0,,2024
97,2024,Writing,WRITING (Original Screenplay),WRITING (Original Screenplay),fake_nomid035,Anora,tt28607951,Written by Sean Baker,Sean Baker,nm0048918,1,,2024
97,2024,Writing,WRITING (Original Screenplay),WRITING (Original Screenplay),fake_nomid036,The Brutalist,tt8999762,"Written by Brady Corbet, Mona Fastvold","Brady Corbet, Mona Fastvold","nm1227232,nm2178754",0,,2024
97,2024,Writing,WRITING (Original Screenplay),WRITING (Original Screenplay),fake_nomid037,A Real Pain,tt21823606,Written by Jesse Eisenberg,Jesse Eisenberg,nm0251986,0,,2024
97,2024,Writing,WRITING (Original Screenplay),WRITING (Original Screenplay),fake_nomid039,September 5,tt28082769,"Written by Moritz Binder, Tim Fehlbaum; Co-Written by Alex David","Moritz Binder, Tim Fehlbaum, Alex David","nm9415549,nm2959497,nm1017048",0,,2024
97,2024,Writing,WRITING (Original Screenplay),WRITING (Original Screenplay),fake_nomid038,The Substance,tt17526714,Written by Coralie Fargeat,Coralie Fargeat,nm0267287,0,,2024
